{
  "results": {
    "throughput.CoalescingBroadcast.time_broadcast": {
      "result": [
        0.008845925250000164, 0.009693699750016549, 0.017903971000009733,
        0.08668510299997934, 0.16480446000002758, 0.008895709249998163,
        0.009668692749983165, 0.018017655999983617, 0.08785248450004701,
        0.16742340900003683, 0.011144069000010859, 0.01291441100005386,
        0.021867980499962414, 0.11143436649996374, 0.20807968100001517,
        0.017370600000049308, 0.021279159500011247, 0.03439328749999504,
        0.2058132695000836, 0.4104975199999785, 0.025944526499984022,
        0.032942681500003346, 0.05592378349996352, 0.26616708349996543,
        0.6067387004999887, 0.04439101899998832, 0.058250153000017235,
        0.0918319529999394, 0.430556787999933, 1.091450024999915,
        0.08410565100001577, 0.11051783899995371, 0.1733202585000413,
        0.8846239645000082, 2.2535463620000655, 0.17621222300005002,
        0.22157175400002416, 0.35427233650005974, 1.6998301029999539,
        4.317671548000021
      ],
      "stats": [
        {
          "ci_99": [0.008582579999995232, 0.009114014000033421],
          "q_25": 0.008682207875011727,
          "q_75": 0.008968500750000885,
          "min": 0.008582579999995232,
          "max": 0.009114014000033421,
          "mean": 0.008832584300006375,
          "std": 0.00017140010979117438,
          "repeat": 10,
          "number": 2
        },
        {
          "ci_99": [0.009108888500009016, 0.009953991500026405],
          "q_25": 0.009403745750006465,
          "q_75": 0.009740142000012497,
          "min": 0.009108888500009016,
          "max": 0.009953991500026405,
          "mean": 0.009582252150011072,
          "std": 0.0002462743314681266,
          "repeat": 10,
          "number": 2
        },
        {
          "ci_99": [0.017534163000050285, 0.01867728000001989],
          "q_25": 0.017671222500013073,
          "q_75": 0.01826516849993709,
          "min": 0.017534163000050285,
          "max": 0.01867728000001989,
          "mean": 0.01798331509999116,
          "std": 0.0003786153143613796,
          "repeat": 10,
          "number": 1
        },
        {
          "ci_99": [0.08306781500004945, 0.08970819600006052],
          "q_25": 0.08596901674999913,
          "q_75": 0.08833938750004222,
          "min": 0.08306781500004945,
          "max": 0.08970819600006052,
          "mean": 0.08685855430001084,
          "std": 0.0018151735799285678,
          "repeat": 10,
          "number": 1
        },
        {
          "ci_99": [0.16107823200002258, 0.17379544200002783],
          "q_25": 0.1638462867499868,
          "q_75": 0.16606597699995973,
          "min": 0.16107823200002258,
          "max": 0.17379544200002783,
          "mean": 0.16573946559999514,
          "std": 0.003731894153962115,
          "repeat": 10,
          "number": 1
        },
        {
          "ci_99": [0.008576794000020982, 0.00908237950000057],
          "q_25": 0.0088115052499802,
          "q_75": 0.008946545374968196,
          "min": 0.008576794000020982,
          "max": 0.00908237950000057,
          "mean": 0.008855587049993119,
          "std": 0.00015211203141679916,
          "repeat": 10,
          "number": 2
        },
        {
          "ci_99": [0.009387736000007862, 0.010546965000003183],
          "q_25": 0.009498287874990297,
          "q_75": 0.009844313375026559,
          "min": 0.009387736000007862,
          "max": 0.010546965000003183,
          "mean": 0.00976546714999813,
          "std": 0.0003412908628503487,
          "repeat": 10,
          "number": 2
        },
        {
          "ci_99": [0.016273666999950365, 0.018713926999907926],
          "q_25": 0.01781956000002083,
          "q_75": 0.018379910500016194,
          "min": 0.016273666999950365,
          "max": 0.018713926999907926,
          "mean": 0.017958508699985033,
          "std": 0.0006727841703927171,
          "repeat": 10,
          "number": 1
        },
        {
          "ci_99": [0.08674636700004612, 0.08973132799997074],
          "q_25": 0.08748966099994959,
          "q_75": 0.0883355022500325,
          "min": 0.08674636700004612,
          "max": 0.08973132799997074,
          "mean": 0.08791227270000945,
          "std": 0.000807301358026835,
          "repeat": 10,
          "number": 1
        },
        {
          "ci_99": [0.16093234000004486, 0.1750400199999831],
          "q_25": 0.1628612142499719,
          "q_75": 0.16924775275001025,
          "min": 0.16093234000004486,
          "max": 0.1750400199999831,
          "mean": 0.16709278520002044,
          "std": 0.004621281552313097,
          "repeat": 10,
          "number": 1
        },
        {
          "ci_99": [0.010230723999939073, 0.012223024000036276],
          "q_25": 0.010931111749926004,
          "q_75": 0.011239616750003734,
          "min": 0.010230723999939073,
          "max": 0.012223024000036276,
          "mean": 0.011122193599987895,
          "std": 0.00047463716002265835,
          "repeat": 10,
          "number": 1
        },
        {
          "ci_99": [0.012257858999987548, 0.014189851000082854],
          "q_25": 0.01282191524998666,
          "q_75": 0.013461429500011945,
          "min": 0.012257858999987548,
          "max": 0.014189851000082854,
          "mean": 0.01310372200000529,
          "std": 0.0005208494357745843,
          "repeat": 10,
          "number": 1
        },
        {
          "ci_99": [0.02098156099998505, 0.02309099400008563],
          "q_25": 0.021288757999968766,
          "q_75": 0.022437249000006432,
          "min": 0.02098156099998505,
          "max": 0.02309099400008563,
          "mean": 0.021915044299998954,
          "std": 0.0006735451847936856,
          "repeat": 10,
          "number": 1
        },
        {
          "ci_99": [0.10096165100003418, 0.1308096000000205],
          "q_25": 0.10872409600005994,
          "q_75": 0.11688631299998065,
          "min": 0.10096165100003418,
          "max": 0.1308096000000205,
          "mean": 0.11299160749999829,
          "std": 0.008475357573682207,
          "repeat": 10,
          "number": 1
        },
        {
          "ci_99": [0.18895035699995333, 0.24013160899994546],
          "q_25": 0.20190470549999873,
          "q_75": 0.22293177300002753,
          "min": 0.18895035699995333,
          "max": 0.24013160899994546,
          "mean": 0.2122637761999954,
          "std": 0.014566629150127908,
          "repeat": 10,
          "number": 1
        },
        {
          "ci_99": [0.0165838509999503, 0.01871835999997984],
          "q_25": 0.01680883924998966,
          "q_75": 0.018069517499981202,
          "min": 0.0165838509999503,
          "max": 0.01871835999997984,
          "mean": 0.01746284440000636,
          "std": 0.0007091753887267665,
          "repeat": 10,
          "number": 1
        },
        {
          "ci_99": [0.0205556199999819, 0.024096668999959547],
          "q_25": 0.020935979750049682,
          "q_75": 0.021610147250072487,
          "min": 0.0205556199999819,
          "max": 0.024096668999959547,
          "mean": 0.02152572150001788,
          "std": 0.0009785784286471292,
          "repeat": 10,
          "number": 1
        },
        {
          "ci_99": [0.03401366599996436, 0.03830210000000989],
          "q_25": 0.03418752575001349,
          "q_75": 0.036850587499969834,
          "min": 0.03401366599996436,
          "max": 0.03830210000000989,
          "mean": 0.035429392599985475,
          "std": 0.001594348955210466,
          "repeat": 10,
          "number": 1
        },
        {
          "ci_99": [0.17302560900009212, 0.29960075300004974],
          "q_25": 0.18121118124997793,
          "q_75": 0.23677853524998227,
          "min": 0.17302560900009212,
          "max": 0.29960075300004974,
          "mean": 0.21515005480002855,
          "std": 0.03953404606258293,
          "repeat": 10,